{
  "views": {
    "left": {
      "K": [
        [
          1535.5322292371523,
          0.0,
          963.7270273754682
        ],
        [
          0.0,
          1518.5336708146306,
          541.7332532841493
        ],
        [
          0.0,
          0.0,
          1.0
        ]
      ],
      "dist": [
        [
          -1.765785364051303,
          3.3618160948749947,
          0.001986000093463301,
          -0.0047795596930791575,
          -2.6711903962044423
        ]
      ]
    },
    "right": {
      "K": [
        [
          1535.5322292371523,
          0.0,
          963.7270273754682
        ],
        [
          0.0,
          1518.5336708146306,
          541.7332532841493
        ],
        [
          0.0,
          0.0,
          1.0
        ]
      ],
      "dist": [
        [
          -1.765785364051303,
          3.3618160948749947,
          0.001986000093463301,
          -0.0047795596930791575,
          -2.6711903962044423
        ]
      ]
    }
  },
  "relative_pose": {
    "R": [
      [
        0.9999974966409493,
        -0.0018067076584364291,
        0.001320045177865194
      ],
      [
        0.0018045857797478859,
        0.9999970807383902,
        0.0016068555818877402
      ],
      [
        -0.0013229444425937585,
        -0.0016044694245946943,
        0.999997837745596
      ]
    ],
    "T": [
      [
        -1.6597204749781005
      ],
      [
        0.03256610665407674
      ],
      [
        -0.36568345321402307
      ]
    ]
  },
  "image_size": [
    1920,
    1080
  ],
  "view_order": [
    "left",
    "right"
  ]
}